ndni,letra,name,Birthday,email
12346935,F,Dianna Durrell,2/14/1996,ddurrell0@pinterest.com
79436973,F,Candida Mewett,3/13/1992,cmewett1@wikispaces.com
64522878,M,Florian McKinnon,6/9/2018,fmckinnon2@google.es
29371073,F,Ilka Piddletown,9/17/2020,ipiddletown3@shareasale.com
89964754,M,Locke Garvagh,9/16/1995,lgarvagh4@amazon.co.jp
42273788,M,Augustine Marr,11/29/2005,amarr5@photobucket.com
34293483,F,Nicole Brands,12/2/1996,nbrands6@biblegateway.com
87119844,F,Corri Candwell,9/22/1994,ccandwell7@simplemachines.org
20125000,F,Gusty Happs,8/28/2001,ghapps8@tamu.edu
76281161,M,Huntley Egerton,12/23/2010,hegerton9@google.fr
